station_id,complex_id,GTFS_stopid,stop_name,stop_lat,stop_lon,faredata_name,subway_lines,borough
293,293,101,Van Cortlandt Park - 242 St,40.889248,-73.898583,242ND STREET & BROADWAY,1,Bronx
294,294,103,238 St,40.884667,-73.90087,238TH STREET-BROADWAY,1,Bronx
295,295,104,231 St,40.878856,-73.904834,231ST STREET,1,Bronx
296,296,106,Marble Hill - 225 St,40.874561,-73.909831,225TH STREET,1,Manhattan
297,297,107,215 St,40.869444,-73.915279,215TH STREET,1,Manhattan
298,298,108,207 St,40.864621,-73.918822,207TH STREET,1,Manhattan
299,299,109,Dyckman St,40.860531,-73.925536,DYCKMAN STREET,1,Manhattan
300,300,110,191 St,40.855225,-73.929412,191ST STREET-ST NICHOLAS AV,1,Manhattan
301,301,111,181 St,40.849505,-73.933596,181ST STREET-ST NICHOLAS AV,1,Manhattan
302,605,112,168 St - Washington Hts,40.840556,-73.940133,168TH STREET & BROADWAY,1,Manhattan
303,303,113,157 St,40.834041,-73.94489,157TH STREET-BROADWAY,1,Manhattan
304,304,114,145 St,40.826551,-73.95036,145TH STREET-BROADWAY,1,Manhattan
305,305,115,137 St - City College,40.822008,-73.953676,137TH STREET-BROADWAY,1,Manhattan
306,306,116,125 St,40.815581,-73.958372,125TH STREET & BROADWAY,1,Manhattan
307,307,117,116 St - Columbia University,40.807722,-73.96411,116TH STREET-COLUMBIA,1,Manhattan
308,308,118,Cathedral Pkwy,40.803967,-73.966847,110TH STREET-BROADWAY,1,Manhattan
309,309,119,103 St,40.799446,-73.968379,103RD STREET-BROADWAY,1,Manhattan
310,310,120,96 St,40.793919,-73.972323,96TH STREET-BROADWAY,1 2 3,Manhattan
311,311,121,86 St,40.788644,-73.976218,86TH STREET-BROADWAY,1,Manhattan
312,312,122,79 St,40.783934,-73.979917,79TH STREET-BROADWAY,1,Manhattan
313,313,123,72 St,40.778453,-73.98197,72ND STREET & BROADWAY,1 2 3,Manhattan
314,314,124,66 St - Lincoln Center,40.77344,-73.982209,66TH STREET-BROADWAY,1,Manhattan
315,614,125,59 St - Columbus Circle,40.768247,-73.981929,59TH STREET/COLUMBUS CIRCLE,1,Manhattan
316,316,126,50 St,40.761728,-73.983849,50TH STREET & 7TH AVENUE,1,Manhattan
317,611,127,Times Sq - 42 St,40.75529,-73.987495,42ND STREET/TIMES SQUARE,1 2 3,Manhattan
318,318,128,34 St - Penn Station,40.750373,-73.991057,34TH STREET - PENN STATION,1 2 3,Manhattan
319,319,129,28 St,40.747215,-73.993365,28TH STREET-7TH AVENUE,1,Manhattan
320,320,130,23 St,40.744081,-73.995657,23RD STREET-7TH AVENUE,1,Manhattan
321,321,131,18 St,40.74104,-73.997871,18TH STREET-7TH AVENUE,1,Manhattan
322,601,132,14 St,40.737826,-74.000201,14TH STREET & 7TH AVENUE,1 2 3,Manhattan
323,323,133,Christopher St - Sheridan Sq,40.733422,-74.002906,CHRISTOPHER ST-SHERIDAN SQ,1,Manhattan
324,324,134,Houston St,40.728251,-74.005367,HOUSTON STREET-VARICK ST,1,Manhattan
325,325,135,Canal St,40.722854,-74.006277,CANAL STREET-VARICK STREET,1,Manhattan
326,326,136,Franklin St,40.719318,-74.006886,FRANKLIN STREET-WEST BWAY,1,Manhattan
327,327,137,Chambers St,40.715478,-74.009266,CHAMBERS STREET,1 2 3,Manhattan
328,328,138,WTC Cortlandt,40.711835,-74.012188,WTC-CORTLANDT ST,1,Manhattan
329,329,139,Rector St,40.707513,-74.013783,RECTOR STREET-GREENWICH ST,1,Manhattan
330,635,142,South Ferry,40.702068,-74.013664,SOUTH FERRY,1,Manhattan
416,416,201,Wakefield - 241 St,40.903125,-73.85062,241ST ST-WHITE PLAINS RD,2,Bronx
417,417,204,Nereid Av,40.898379,-73.854376,238TH ST-WHITE PLAINS ROAD,2 5,Bronx
418,418,205,233 St,40.893193,-73.857473,233RD ST-WHITE PLAINS ROAD,2 5,Bronx
419,419,206,225 St,40.888022,-73.860341,225TH ST-WHITE PLAINS ROAD,2 5,Bronx
420,420,207,219 St,40.883895,-73.862633,219TH ST-WHITE PLAINS ROAD,2 5,Bronx
421,421,208,Gun Hill Rd,40.87785,-73.866256,GUNHILL RD-WHITE PLAINS RD,2 5,Bronx
422,422,209,Burke Av,40.871356,-73.867164,BURKE AVE-WHITE PLAINS ROAD,2 5,Bronx
423,423,210,Allerton Av,40.865462,-73.867352,ALLERTON AV-WHITE PLAINS RD,2 5,Bronx
424,424,211,Pelham Pkwy,40.857192,-73.867615,PELHAM PKWY-WHITE PLAINS RD,2 5,Bronx
425,425,212,Bronx Park East,40.848828,-73.868457,BRONX PARK EAST,2 5,Bronx
426,426,213,E 180 St,40.841894,-73.873488,EAST 180TH ST-MORRIS PARK,2 5,Bronx
427,427,214,West Farms Sq - E Tremont Av,40.840295,-73.880049,EAST TREMONT AVENUE-178 ST,2 5,Bronx
428,428,215,174 St,40.837288,-73.887734,174TH STREET-SOUTHERN BLVD,2 5,Bronx
429,429,216,Freeman St,40.829993,-73.891865,FREEMAN ST-SOUTHERN BLVD,2 5,Bronx
430,430,217,Simpson St,40.824073,-73.893064,SIMPSON ST-WESTCHESTER AVE,2 5,Bronx
431,431,218,Intervale Av,40.822181,-73.896736,INTERVALE 163RD STREET,2 5,Bronx
432,432,219,Prospect Av,40.819585,-73.90177,PROSPECT AVENUE-WESTCHESTER,2 5,Bronx
433,433,220,Jackson Av,40.81649,-73.907807,JACKSON AVENUE-WESTCHESTER,2 5,Bronx
434,434,221,3 Av - 149 St,40.816109,-73.917757,149TH STREET & 3RD AVENUE,2 5,Bronx
435,603,222,149 St - Grand Concourse,40.81841,-73.926718,149TH ST-GRAND CONCOURSE,2 5,Bronx
438,438,224,135 St,40.814229,-73.94077,135TH STREET-LENOX AVENUE,2 3,Manhattan
439,439,225,125 St,40.807754,-73.945495,125TH STREET-LENOX AVENUE,2 3,Manhattan
440,440,226,116 St,40.802098,-73.949625,116TH STREET-LENOX AVENUE,2 3,Manhattan
441,441,227,Central Park North (110 St),40.799075,-73.951822,111TH STREET-LENOX AVENUE,2 3,Manhattan
331,624,228,Park Pl,40.713051,-74.008811,PARK PLACE,2 3,Manhattan
332,628,229,Fulton St,40.709416,-74.006571,FULTON & WILLIAM STREETS,2 3,Manhattan
333,333,230,Wall St,40.706821,-74.0091,WALL STREET,2 3,Manhattan
334,334,231,Clark St,40.697466,-73.993086,CLARK STREET-HENRY STREET,2 3,Brooklyn
335,620,232,Borough Hall,40.693219,-73.989998,BOROUGH HALL - COURT STREET,2 3,Brooklyn
336,336,233,Hoyt St,40.690545,-73.985065,HOYT STREET-FULTON STREET,2 3,Brooklyn
337,337,234,Nevins St,40.688246,-73.980492,NEVINS STREET,2 3 4 5,Brooklyn
338,617,235,Atlantic Av - Barclays Ctr,40.684359,-73.977666,ATLANTIC AVENUE,2 3,Brooklyn
339,339,236,Bergen St,40.680829,-73.975098,BERGEN STREET,2 3,Brooklyn
340,340,237,Grand Army Plaza,40.675235,-73.971046,GRAND ARMY PLAZA,2 3,Brooklyn
341,341,238,Eastern Pkwy - Brooklyn Museum,40.671987,-73.964375,EASTERN PARKWAY,2 3,Brooklyn
342,626,239,Franklin Av,40.670682,-73.958131,FRANKLIN AVE/EASTERN PKWY,2 3 4 5,Brooklyn
353,353,241,President St,40.667883,-73.950683,PRESIDENT ST-NOSTRAND AVE,2 5,Brooklyn
354,354,242,Sterling St,40.662742,-73.95085,STERLING ST-NOSTRAND AVE,2 5,Brooklyn
355,355,243,Winthrop St,40.656652,-73.9502,WINTHROP ST-NOSTRAND AVE,2 5,Brooklyn
356,356,244,Church Av,40.650843,-73.949575,CHURCH AVENUE & NOSTRAND AV,2 5,Brooklyn
357,357,245,Beverly Rd,40.645098,-73.948959,BEVERLY RD-NOSTRAND AVE,2 5,Brooklyn
358,358,246,Newkirk Av,40.639967,-73.948411,NEWKIRK AVE-NOSTRAND AVE,2 5,Brooklyn
359,359,247,Flatbush Av - Brooklyn College,40.632836,-73.947642,FLATBUSH AVE & NOSTRAND AV,2 5,Brooklyn
343,343,248,Nostrand Av,40.669847,-73.950466,NOSTRAND AVENUE,3,Brooklyn
344,344,249,Kingston Av,40.669399,-73.942161,KINGSTON AVE/EASTERN PKWY,3,Brooklyn
345,345,250,Crown Hts - Utica Av,40.668897,-73.932942,UTICA AVENUE,3 4,Brooklyn
346,346,251,Sutter Av - Rutland Rd,40.664717,-73.92261,SUTTER AVENUE,3,Brooklyn
347,347,252,Saratoga Av,40.661453,-73.916327,SARATOGA AVENUE,3,Brooklyn
348,348,253,Rockaway Av,40.662549,-73.908946,ROCKAWAY AVENUE,3,Brooklyn
349,349,254,Junius St,40.663515,-73.902447,JUNIUS STREET,3,Brooklyn
350,350,255,Pennsylvania Av,40.664635,-73.894895,PENNSYLVANIA AVENUE,3,Brooklyn
351,351,256,Van Siclen Av,40.665449,-73.889395,VAN SICLEN AVENUE,3,Brooklyn
352,352,257,New Lots Av,40.666235,-73.884079,NEW LOTS AVENUE,3,Brooklyn
436,436,301,Harlem - 148 St,40.82388,-73.93647,148TH STREET-LENOX AVENUE,3,Manhattan
437,437,302,145 St,40.820421,-73.936245,145TH STREET-LENOX AVENUE,3,Manhattan
378,378,401,Woodlawn,40.886037,-73.878751,WOODLAWN ROAD,4,Bronx
379,379,402,Mosholu Pkwy,40.87975,-73.884655,MOSHOLU PARKWAY-JEROME AVE,4,Bronx
380,380,405,Bedford Park Blvd - Lehman College,40.873412,-73.890064,BEDFORD PARK BLVD-JEROME AV,4,Bronx
381,381,406,Kingsbridge Rd,40.86776,-73.897174,KINGSBRIDGE RD-JEROME AVE,4,Bronx
382,382,407,Fordham Rd,40.862803,-73.901034,FORDHAM ROAD & JEROME AVE,4,Bronx
383,383,408,183 St,40.858407,-73.903879,183RD STREET-JEROME AVENUE,4,Bronx
384,384,409,Burnside Av,40.853453,-73.907684,BURNSIDE AVE-JEROME AVE,4,Bronx
385,385,410,176 St,40.84848,-73.911794,176TH STREET-JEROME AVENUE,4,Bronx
386,386,411,Mt Eden Av,40.844434,-73.914685,MT EDEN AVENUE-JEROME AVE,4,Bronx
387,387,412,170 St,40.840075,-73.917791,170TH STREET-JEROME AVENUE,4,Bronx
388,388,413,167 St,40.835537,-73.9214,167TH STREET-RIVER AVENUE,4,Bronx
389,604,414,161 St - Yankee Stadium,40.827994,-73.925831,161ST STREET-YANKEE STADIUM,4,Bronx
390,603,415,149 St - Grand Concourse,40.818375,-73.927351,149TH ST-GRAND CONCOURSE,4,Bronx
391,391,416,138 St - Grand Concourse,40.813224,-73.929849,138TH ST-GRAND CONCOURSE,4 5,Bronx
412,628,418,Fulton St,40.710368,-74.009509,FULTON STREET,4 5,Manhattan
413,413,419,Wall St,40.707557,-74.011862,WALL STREET,4 5,Manhattan
414,414,420,Bowling Green,40.704817,-74.014065,BOWLING GREEN & BROADWAY,4 5,Manhattan
415,620,423,Borough Hall,40.692404,-73.990151,BOROUGH HALL - COURT STREET,4 5,Brooklyn
442,442,501,Eastchester - Dyre Av,40.8883,-73.830834,DYRE AVENUE-LIGHT STREET,5,Bronx
443,443,502,Baychester Av,40.878663,-73.838591,BAYCHESTER AVE-TILLOTSON,5,Bronx
444,444,503,Gun Hill Rd,40.869526,-73.846384,GUN HILL ROAD-SEYMOUR,5,Bronx
445,445,504,Pelham Pkwy,40.858985,-73.855359000000007,PELHAM PKWY-ESPLANADE,5,Bronx
446,446,505,Morris Park,40.854364,-73.860495,MORRIS PARK-PAULDING AVENUE,5,Bronx
360,360,601,Pelham Bay Park,40.852462,-73.828121,PELHAM BAY PARK-BRUCKNER BL,6,Bronx
361,361,602,Buhre Av,40.84681,-73.832569,BUHRE AVE-WESTCHESTER AVE,6,Bronx
362,362,603,Middletown Rd,40.843863,-73.836322,MIDDLETOWN ROAD-WESTCHESTER,6,Bronx
363,363,604,Westchester Sq - E Tremont Av,40.839892,-73.842952,WESTCHESTER SQUARE,6,Bronx
364,364,606,Zerega Av,40.836488,-73.847036,ZEREGA AVE-WESTCHESTER AVE,6,Bronx
365,365,607,Castle Hill Av,40.834255,-73.851222,CASTLE HILL AVENUE,6,Bronx
366,366,608,Parkchester,40.833226,-73.860816,177TH STREET-PARKCHESTER,6,Bronx
367,367,609,St Lawrence Av,40.831509,-73.867618,ST LAWRENCE AVE-WEST AVE,6,Bronx
368,368,610,Morrison Av- Sound View,40.829521,-73.874516,MORRISON AVE & WESTCHESTER,6,Bronx
369,369,611,Elder Av,40.828584,-73.879159,ELDER AVE-WESTCHESTER AVE,6,Bronx
370,370,612,Whitlock Av,40.826525,-73.886283,WHITLOCK AVE-WESTCHESTER AV,6,Bronx
371,371,613,Hunts Point Av,40.820948,-73.890549,HUNTS PT AVE-SOUTHERN BLVD,6,Bronx
372,372,614,Longwood Av,40.816104,-73.896435,LONGWOOD AVE-SOUTHERN BLVD,6,Bronx
373,373,615,E 149 St,40.812118,-73.904098,EAST 149TH ST-SOUTHERN BLVD,6,Bronx
374,374,616,E 143 St - St Mary's St,40.808719,-73.907657,EAST 143RD ST-SOUTHERN BLVD,6,Bronx
375,375,617,Cypress Av,40.805368,-73.914042,CYPRESS AVENUE-138TH STREET,6,Bronx
376,376,618,Brook Av,40.807566,-73.91924,BROOK AVENUE-138TH STREET,6,Bronx
377,377,619,3 Av - 138 St,40.810476,-73.926138,138TH STREET-3RD AVE,6,Bronx
392,392,621,125 St,40.804138,-73.937594,125TH STREET-LEXINGTON AVE,4 5 6,Manhattan
393,393,622,116 St,40.798629,-73.941617,116TH STREET-LEXINGTON AVE,6,Manhattan
394,394,623,110 St,40.79502,-73.94425,110TH STREET-LEXINGTON AVE,6,Manhattan
395,395,624,103 St,40.7906,-73.947478,103RD STREET-LEXINGTON AVE,6,Manhattan
396,396,625,96 St,40.785672,-73.95107,96TH STREET-LEXINGTON AVE,6,Manhattan
397,397,626,86 St,40.779492,-73.955589,86TH STREET-LEXINGTON AVE,4 5 6,Manhattan
398,398,627,77 St,40.77362,-73.959874,77TH STREET-LEXINGTON AVE,6,Manhattan
399,399,628,68 St - Hunter College,40.768141,-73.96387,68TH STREET-HUNTER COLLEGE,6,Manhattan
400,613,629,59 St,40.762526,-73.967967,59TH STREET & LEXINGTON AVE,4 5 6,Manhattan
401,612,630,51 St,40.757107,-73.97192,51ST STREET & LEXINGTON AVE,6,Manhattan
402,610,631,Grand Central - 42 St,40.751776,-73.976848,42ND STREET & GRAND CENTRAL,4 5 6,Manhattan
403,403,632,33 St,40.746081,-73.982076,33RD STREET-PARK AVENUE,6,Manhattan
404,404,633,28 St,40.74307,-73.984264,28TH STREET-PARK AVE SOUTH,6,Manhattan
405,405,634,23 St,40.739864,-73.986599,23RD STREET-PARK AVE SOUTH,6,Manhattan
406,602,635,14 St - Union Sq,40.734673,-73.989951,14TH STREET-UNION SQUARE,4 5 6,Manhattan
407,407,636,Astor Pl,40.730054,-73.99107,ASTOR PLACE-4 AVENUE,6,Manhattan
408,619,637,Bleecker St,40.725915,-73.994659,BLEECKER ST-LAFAYETTE ST,6,Manhattan
409,409,638,Spring St,40.722301,-73.997141,SPRING STREET-LAFAYETTE ST,6,Manhattan
410,623,639,Canal St,40.718803,-74.000193,CANAL ST-LAFAYETTE ST EAST,6,Manhattan
411,622,640,Brooklyn Bridge - City Hall,40.713065,-74.004131,BROOKLYN BRIDGE,4 5 6,Manhattan
447,447,701,Flushing - Main St,40.7596,-73.83003,MAIN STREET,7,Queens
448,448,702,Mets - Willets Point,40.754622,-73.845625,WILLETS PT BLVD-ROOSEVELT,7,Queens
449,449,705,111 St,40.75173,-73.855334,111TH STREET-ROOSEVELT AVE,7,Queens
450,450,706,103 St - Corona Plaza,40.749865,-73.8627,103RD ST-ROOSEVELT AVE,7,Queens
451,451,707,Junction Blvd,40.749145,-73.869527,JUNCTION BLVD-ROOSEVELT AVE,7,Queens
452,452,708,90 St - Elmhurst Av,40.748408,-73.876613,90TH STREET/ELMHURST AVENUE,7,Queens
453,453,709,82 St - Jackson Hts,40.747659,-73.883697,82ND STREET-JACKSON HEIGHTS,7,Queens
454,616,710,74 St - Broadway,40.746848,-73.891394,ROOSEVELT AVE/JACKSON HTS,7,Queens
455,455,711,69 St,40.746325,-73.896403,69TH STREET-ROOSEVELT AVE,7,Queens
456,456,712,Woodside - 61 St,40.74563,-73.902984,61ST STREET-ROOSEVELT AVE,7,Queens
457,457,713,52 St,40.744149,-73.912549,52ND STREET-ROOSEVELT AVE,7,Queens
458,458,714,46 St,40.743132,-73.918435,46TH ST-BLISS ST,7,Queens
459,459,715,40 St,40.743781,-73.924016,40TH STREET-LOWERY STREET,7,Queens
460,460,716,33 St,40.744587,-73.930997,33RD STREET-QUEENS BLVD,7,Queens
461,461,718,Queensboro Plaza,40.750582,-73.940202,QUEENSBORO PLAZA,7 N W,Queens
462,606,719,Court Sq,40.747023,-73.945264,45TH ROAD-COURT HOUSE SQ,7,Queens
463,463,720,Hunters Point Av,40.742216,-73.948916,HUNTERS PT AVE-49TH AVE,7,Queens
464,464,721,Vernon Blvd - Jackson Av,40.742626,-73.953581,JACKSON AVENUE-VERNON BLVD,7,Queens
465,610,723,Grand Central - 42 St,40.751431,-73.976041,42ND STREET & GRAND CENTRAL,7,Manhattan
466,609,724,5 Av,40.753821,-73.981963,FIFTH AVENUE & 42ND STREET,7,Manhattan
467,611,725,Times Sq - 42 St,40.755477,-73.987691,42ND STREET/TIMES SQUARE,7,Manhattan
471,471,726,34 St - 11 Av,40.755882,-74.00191,34TH STREET - HUDSON YARDS,7,Manhattan
469,610,901,Grand Central - 42 St,40.752769,-73.979189,42ND STREET & GRAND CENTRAL,S,Manhattan
468,611,902,Times Sq - 42 St,40.755983,-73.986229,42ND STREET/TIMES SQUARE,S,Manhattan
143,143,A02,Inwood - 207 St,40.868072,-73.919899,207TH STREET-BROADWAY,A,Manhattan
144,144,A03,Dyckman St,40.865491,-73.927271,DYCKMAN STREET-BROADWAY,A,Manhattan
145,145,A05,190 St,40.859022,-73.93418,190TH STREET-OVERLOOK TERR,A,Manhattan
146,146,A06,181 St,40.851695,-73.937969,181ST STREET-FT WASH AVE,A,Manhattan
147,147,A07,175 St,40.847391,-73.939704,175TH STREET/FT WASHINGTON,A,Manhattan
148,605,A09,168 St,40.840719,-73.939561,168TH STREET & BROADWAY,A C,Manhattan
149,149,A10,163 St - Amsterdam Av,40.836013,-73.939892,163RD ST & AMSTERDAM AVE,C,Manhattan
150,150,A11,155 St,40.830518,-73.941514,155TH STREET-ST NICHOLAS AV,C,Manhattan
151,151,A12,145 St,40.824783,-73.944216,145TH STREET,A C B D,Manhattan
152,152,A14,135 St,40.817894,-73.947649,135TH STREET-ST NICHOLAS AV,B C,Manhattan
153,153,A15,125 St,40.811109,-73.952343,125TH STREET,A B C D,Manhattan
154,154,A16,116 St,40.805085,-73.954882,116TH STREET-8TH AVENUE,B C,Manhattan
155,155,A17,Cathedral Pkwy (110 St),40.800603,-73.958161,110TH STREET-8TH AVENUE,B C,Manhattan
156,156,A18,103 St,40.796092,-73.961454,103RD ST-CENTRAL PARK WEST,B C,Manhattan
157,157,A19,96 St,40.791642,-73.964696,96TH ST-CENTRAL PARK WEST,B C,Manhattan
158,158,A20,86 St,40.785868,-73.968916,86TH ST-CENTRAL PARK WEST,B C,Manhattan
159,159,A21,81 St - Museum of Natural History,40.781433,-73.972143,81ST STREET-MUSEUM,B C,Manhattan
160,160,A22,72 St,40.775594,-73.97641,72ND STREET-CENTRAL PK WEST,B C,Manhattan
161,614,A24,59 St - Columbus Circle,40.768296,-73.981736,59TH STREET/COLUMBUS CIRCLE,A B C D,Manhattan
162,162,A25,50 St,40.762456,-73.985984,50TH STREET-8TH AVENUE,C E,Manhattan
163,611,A27,42 St - Port Authority Bus Terminal,40.757308,-73.989735,42ND STREET & 8TH AVENUE,A C E,Manhattan
164,164,A28,34 St - Penn Station,40.752287,-73.993391,34TH STREET & 8TH AVENUE,A C E,Manhattan
165,165,A30,23 St,40.745906,-73.998041,23RD STREET & 8TH AVENUE,C E,Manhattan
166,618,A31,14 St,40.740893,-74.00169,8TH AVENUE-14TH STREET,A C E,Manhattan
167,167,A32,W 4 St,40.732338,-74.000495,WEST 4TH ST-WASHINGTON SQ,A C E B D F M,Manhattan
168,168,A33,Spring St,40.726227,-74.003739,SPRING STREET-6TH AVENUE,C E,Manhattan
169,169,A34,Canal St,40.720824,-74.005229,CANAL STREET-LISPENARD ST,A C E,Manhattan
170,624,A36,Chambers St,40.714111,-74.008585,CHAMBERS STREET,A C,Manhattan
172,628,A38,Fulton St,40.710197,-74.007691,FULTON ST & BROADWAY NASSAU,A C,Manhattan
173,173,A40,High St,40.699337,-73.990531,HIGH ST-CADMAN PLAZA WEST,A C,Brooklyn
174,636,A41,Jay St - MetroTech,40.692338,-73.987342,JAY ST-METROTECH,A C F,Brooklyn
175,175,A42,Hoyt - Schermerhorn Sts,40.688484,-73.985001,HOYT ST-SCHERMERHORN ST,A C G,Brooklyn
176,176,A43,Lafayette Av,40.686113,-73.973946,LAFAYETTE AVENUE-FULTON ST,C,Brooklyn
177,177,A44,Clinton - Washington Avs,40.683263,-73.965838,CLINTON AVENUE-FULTON ST,C,Brooklyn
178,627,A45,Franklin Av,40.68138,-73.956848,FRANKLIN AVENUE-FULTON ST,C,Brooklyn
179,179,A46,Nostrand Av,40.680438,-73.950426,NOSTRAND AVE-FULTON ST,A C,Brooklyn
180,180,A47,Kingston - Throop Avs,40.679921,-73.940858,KINGSTON AVE-THROOP AVE,C,Brooklyn
181,181,A48,Utica Av,40.679364,-73.930729,UTICA AVE-STUYVESANT AVE,A C,Brooklyn
182,182,A49,Ralph Av,40.678822,-73.920786,RALPH AVENUE-FULTON STREET,C,Brooklyn
183,183,A50,Rockaway Av,40.67834,-73.911946,ROCKAWAY AVENUE,C,Brooklyn
184,621,A51,Broadway Jct,40.678334,-73.905316,BROADWAY-EAST NEW YORK,A C,Brooklyn
185,185,A52,Liberty Av,40.674542,-73.896548,LIBERTY AVE-PENNSYLVANIA AV,C,Brooklyn
186,186,A53,Van Siclen Av,40.67271,-73.890358,VAN SICLEN AVE-PITKIN AVE,C,Brooklyn
187,187,A54,Shepherd Av,40.67413,-73.88075,SHEPHERD AVE-PITKIN AVE,C,Brooklyn
188,188,A55,Euclid Av,40.675377,-73.872106,EUCLID AVE-PITKIN AVE,A C,Brooklyn
189,189,A57,Grant Av,40.677044,-73.86505,GRANT AVENUE-PITKIN AVENUE,A,Brooklyn
190,190,A59,80 St,40.679371,-73.858992,HUDSON STREET-78TH STREET,A,Queens
191,191,A60,88 St,40.679843,-73.85147,BOYD STREET-88TH STREET,A,Queens
192,192,A61,Rockaway Blvd,40.680429,-73.843853,ROCKAWAY BLVD-LIBERTY AVE,A,Queens
193,193,A63,104 St,40.681711,-73.837683,104TH STREET-LIBERTY AVENUE,A,Queens
194,194,A64,111 St,40.684331,-73.832163,109TH STREET-LIBERTY AVENUE,A,Queens
195,195,A65,Ozone Park - Lefferts Blvd,40.685951,-73.825798,LEFFERTS BLVD-LIBERTY AVE,A,Queens
221,221,B04,21 St - Queensbridge,40.754203,-73.942836,21ST STREET-QUEENSBRIDGE,F,Queens
222,222,B06,Roosevelt Island,40.759145,-73.95326,ROOSEVELT ISLAND,F,Manhattan
223,223,B08,Lexington Av/63 St,40.764629,-73.966113000000007,63RD STREET-LEXINGTON AVE,F Q,Manhattan
224,224,B10,57 St,40.763972,-73.97745,57TH STREET-6TH AVENUE,F,Manhattan
59,59,B12,9 Av,40.646292,-73.994324,9TH AVENUE-39TH STREET,D,Brooklyn
60,60,B13,Fort Hamilton Pkwy,40.640914,-73.994304,FORT HAMILTON PARKWAY-62ND,D,Brooklyn
61,61,B14,50 St,40.63626,-73.994791,50TH STREET-NEW UTRECHT AVE,D,Brooklyn
62,62,B15,55 St,40.631435,-73.995476,55TH ST-NEW UTRECHT AVE,D,Brooklyn
63,615,B16,62 St,40.626472,-73.996895,NEW UTRECHT AVENUE-62ND ST,D,Brooklyn
64,64,B17,71 St,40.619589,-73.998864,71ST STREET-NEW UTRECHT AVE,D,Brooklyn
65,65,B18,79 St,40.613501,-74.00061,79TH STREET-17TH AVENUE,D,Brooklyn
66,66,B19,18 Av,40.607954,-74.001736,18TH AVENUE-86TH STREET,D,Brooklyn
67,67,B20,20 Av,40.604556,-73.998168,20TH AVENUE-86TH STREET,D,Brooklyn
68,68,B21,Bay Pkwy,40.601875,-73.993728,BAY PARKWAY-86TH STREET,D,Brooklyn
69,69,B22,25 Av,40.597704,-73.986829,25TH AVENUE-86TH STREET,D,Brooklyn
70,70,B23,Bay 50 St,40.588841,-73.983765,BAY 50TH STREET-STILLWELL,D,Brooklyn
210,210,D01,Norwood - 205 St,40.874811,-73.878855,205TH ST-BAINBRIDGE AVE,D,Bronx
211,211,D03,Bedford Park Blvd,40.873244,-73.887138,BEDFORD PARK BLVD-203RD ST,B D,Bronx
212,212,D04,Kingsbridge Rd,40.866978,-73.893509,KINGSBRIDGE RD-196TH ST,B D,Bronx
213,213,D05,Fordham Rd,40.861296,-73.897749,FORDHAM RD/GRAND CONCOURSE,B D,Bronx
214,214,D06,182-183 Sts,40.856093,-73.900741,182ND STREET-183RD STREET,B D,Bronx
215,215,D07,Tremont Av,40.85041,-73.905227,TREMONT AVE-179TH ST,B D,Bronx
216,216,D08,174-175 Sts,40.8459,-73.910136,174TH-175TH ST-GRAND CONCOU,B D,Bronx
217,217,D09,170 St,40.839306,-73.9134,170TH STREET-GRAND CONC.,B D,Bronx
218,218,D10,167 St,40.833771,-73.91844,167TH ST-GRAND CONCOURSE,B D,Bronx
219,604,D11,161 St - Yankee Stadium,40.827905,-73.925651,161ST STREET-YANKEE STADIUM,B D,Bronx
220,220,D12,155 St,40.830135,-73.938209,155TH STREET-8TH AVENUE,B D,Manhattan
277,277,D14,7 Av,40.762862,-73.981637,SEVENTH AVENUE & WEST 53RD,B D E,Manhattan
225,225,D15,47-50 Sts - Rockefeller Ctr,40.758663,-73.981329,47-50 STREETS/ROCKEFELLER,B D F M,Manhattan
226,609,D16,42 St - Bryant Pk,40.754222,-73.984569,42ND STREET & 6TH AVENUE,B D F M,Manhattan
227,607,D17,34 St - Herald Sq,40.749719,-73.987823,34TH STREET & 6TH AVENUE,B D F M,Manhattan
228,228,D18,23 St,40.742878,-73.992821,23RD STREET-6TH AVENUE,F M,Manhattan
229,601,D19,14 St,40.738228,-73.996209,14TH STREET-6TH AVENUE,F M,Manhattan
230,619,D21,Broadway-Lafayette St,40.725297,-73.996204,BROADWAY LAFAYETTE-BLEECKER,B D F M,Manhattan
231,231,D22,Grand St,40.718267,-73.993753,GRAND ST-CHRISTIE ST,B D,Manhattan
40,617,D24,Atlantic Av - Barclays Ctr,40.68446,-73.97689,ATLANTIC AVENUE,B Q,Brooklyn
41,41,D25,7 Av,40.67705,-73.972367,7TH AVENUE-PARK PLACE,B Q,Brooklyn
42,42,D26,Prospect Park,40.661614,-73.962246,PROSPECT PARK-EMPIRE BLVD,B Q,Brooklyn
43,43,D27,Parkside Av,40.655292,-73.961495,PARKSIDE AVE-OCEAN AVE,B Q,Brooklyn
44,44,D28,Church Av,40.650527,-73.962982,CHURCH AVENUE,B Q,Brooklyn
45,45,D29,Beverley Rd,40.644031,-73.964492,BEVERLEY ROAD -EAST 15TH ST,B Q,Brooklyn
46,46,D30,Cortelyou Rd,40.640927,-73.963891,CORTELYOU RD-EAST 16TH ST,B Q,Brooklyn
47,47,D31,Newkirk Plaza,40.635082,-73.962793,NEWKIRK PLAZA,B Q,Brooklyn
48,48,D32,Avenue H,40.62927,-73.961639,AVENUE H-EAST 16TH STREET,B Q,Brooklyn
49,49,D33,Avenue J,40.625039,-73.960803,AVENUE J-EAST 16TH STREET,B Q,Brooklyn
50,50,D34,Avenue M,40.617618,-73.959399,AVENUE M-EAST 16TH STREET,B Q,Brooklyn
51,51,D35,Kings Hwy,40.60867,-73.957734,KINGS HIGHWAY-EAST 16TH ST,B Q,Brooklyn
52,52,D37,Avenue U,40.5993,-73.955929,AVENUE U-EAST 16TH STREET,B Q,Brooklyn
53,53,D38,Neck Rd,40.595246,-73.955161,NECK ROAD-EAST 16TH STREET,B Q,Brooklyn
54,54,D39,Sheepshead Bay,40.586896,-73.954155,SHEEPSHEAD BAY ROAD,B Q,Brooklyn
55,55,D40,Brighton Beach,40.577621,-73.961376,BRIGHTON BEACH-CONEY ISLAND,B Q,Brooklyn
56,56,D41,Ocean Pkwy,40.576312,-73.968501,OCEAN PKWAY-BRIGHTON BCH AV,Q,Brooklyn
57,57,D42,W 8 St - NY Aquarium,40.576127,-73.975939,WEST 6TH STREET-SURF AVENUE,F Q,Brooklyn
58,58,D43,Coney Island - Stillwell Av,40.577422,-73.981233,STILLWELL AVE-CONEY ISLAND,D F N Q,Brooklyn
171,624,E01,World Trade Center,40.712582,-74.009781,CORTLANDT ST-WORLD TRADE CT,E,Manhattan
254,254,F01,Jamaica - 179 St,40.712646,-73.783817,179TH STREET & HILLSIDE AVE,F,Queens
255,255,F02,169 St,40.71047,-73.793604,169TH STREET & HILLSIDE AVE,F,Queens
256,256,F03,Parsons Blvd,40.707564,-73.803326,PARSONS BLVD & HILLSIDE AV,F,Queens
257,257,F04,Sutphin Blvd,40.70546,-73.810708,SUTPHIN BLVD-HILLSIDE AVE,F,Queens
258,258,F05,Briarwood - Van Wyck Blvd,40.709179,-73.820574,VAN WYCK BLVD-MAIN STREET,E F,Queens
259,259,F06,Kew Gardens - Union Tpke,40.714441,-73.831008,UNION TURNPIKE-KEW GARDENS,E F,Queens
260,260,F07,75 Av,40.718331,-73.837324,75TH AVENUE-QUEENS BLVD,E F,Queens
274,606,F09,Court Sq,40.747846,-73.946,COURT SQ-23 ST,E M,Queens
275,612,F11,Lexington Av/53 St,40.757552,-73.969055,53RD STREET-4TH AVENUE,E M,Manhattan
276,276,F12,5 Av/53 St,40.760167,-73.975224,FIFTH AVENUE,E M,Manhattan
232,232,F14,2 Av,40.723402,-73.989938,2ND AVENUE-HOUSTON STREET,F,Manhattan
233,625,F15,Delancey St,40.718611,-73.988114,ESSEX ST-DELANCEY ST,F,Manhattan
234,234,F16,East Broadway,40.713715,-73.990173,EAST BROADWAY-MADISON ST,F,Manhattan
235,235,F18,York St,40.701397,-73.986751,YORK STREET-JAY STREET,F,Brooklyn
236,236,F20,Bergen St,40.686145,-73.990862,BERGEN STREET-SMITH STREET,F G,Brooklyn
237,237,F21,Carroll St,40.680303,-73.995048,CARROLL ST-PRESIDENT ST,F G,Brooklyn
238,238,F22,Smith - 9 Sts,40.67358,-73.995959,SMITH STREET-9TH STREET,F G,Brooklyn
239,608,F23,4 Av,40.670272,-73.989779,4TH AVENUE-9TH STREET,F G,Brooklyn
240,240,F24,7 Av,40.666271,-73.980305,7TH AVENUE-9TH STREET,F G,Brooklyn
241,241,F25,15 St - Prospect Park,40.660365,-73.979493,15TH ST-PROSPECT PARK WEST,F G,Brooklyn
242,242,F26,Fort Hamilton Pkwy,40.650782,-73.975776,FT HAMILTON PKY-GREENWOOD,F G,Brooklyn
243,243,F27,Church Av,40.644041,-73.979678,CHURCH AVE-MCDONALD AVE,F,Brooklyn
244,244,F29,Ditmas Av,40.636119,-73.978172,DITMAS AVE-MCDONALD AVE,F,Brooklyn
245,245,F30,18 Av,40.629755,-73.976971,18TH AVE-MCDONALD AVE,F,Brooklyn
246,246,F31,Avenue I,40.625322,-73.976127,AVENUE I-MCDONALD AVENUE,F,Brooklyn
247,247,F32,Bay Pkwy,40.620769,-73.975264,MCDONALD AVE-22ND AVE,F,Brooklyn
248,248,F33,Avenue N,40.61514,-73.974197,AVENUE N-MCDONALD AVENUE,F,Brooklyn
249,249,F34,Avenue P,40.608944,-73.973022,AVENUE P-MCDONALD AVENUE,F,Brooklyn
250,250,F35,Kings Hwy,40.603217,-73.972361,KINGS HIGHWAY-MCDONALD AVE,F,Brooklyn
251,251,F36,Avenue U,40.596063,-73.973357,AVENUE U-MCDONALD AVENUE,F,Brooklyn
252,252,F38,Avenue X,40.58962,-73.97425,AVENUE X-MCDONALD AVENUE,F,Brooklyn
253,253,F39,Neptune Av,40.581011,-73.974574,NEPTUNE AVE-MCDONALD AVENUE,F,Brooklyn
278,278,G05,Jamaica Center - Parsons/Archer,40.702147,-73.801109,JAMAICA CENTER-PARSONS BLVD,E J Z,Queens
279,279,G06,Sutphin Blvd - Archer Av - JFK Airport,40.700486,-73.807969,SUTPHIN BOULEVARD,E J Z,Queens
280,280,G07,Jamaica - Van Wyck,40.702566,-73.816859,VAN WYCK BLVD-METROPOLITAN,E,Queens
261,261,G08,Forest Hills - 71 Av,40.721691,-73.844521,71ST AVE-CONTINENTAL AVE,E F M R,Queens
262,262,G09,67 Av,40.726523,-73.852719,67TH AVENUE-QUEENS BLVD,M R,Queens
263,263,G10,63 Dr - Rego Park,40.729846,-73.861604,63RD DRIVE-REGO PARK,M R,Queens
264,264,G11,Woodhaven Blvd,40.733106,-73.869229,WOODHAVEN BLVD-QUEENS BLVD,M R,Queens
265,265,G12,Grand Av - Newtown,40.737015,-73.877223,GRAND AVE-QUEENS BOULEVARD,M R,Queens
266,266,G13,Elmhurst Av,40.742454,-73.882017,ELMHURST AVE-BROADWAY,M R,Queens
267,616,G14,Jackson Hts - Roosevelt Av,40.746644,-73.891338,ROOSEVELT AVE/JACKSON HTS,E F M R,Queens
268,268,G15,65 St,40.749669,-73.898453,65TH STREET-BROADWAY,M R,Queens
269,269,G16,Northern Blvd,40.752885,-73.906006,NORTHERN BLVD-BROADWAY,M R,Queens
270,270,G18,46 St,40.756312,-73.913333,46TH STREET-BROADWAY,M R,Queens
271,271,G19,Steinway St,40.756879,-73.92074,STEINWAY ST-BROADWAY,M R,Queens
272,272,G20,36 St,40.752039,-73.928781,36TH STREET-NORTHERN BLVD,M R,Queens
273,273,G21,Queens Plaza,40.748973,-73.937243,QUEENS PLAZA-JACKSON AVE,E M R,Queens
281,606,G22,Court Sq,40.746554,-73.943832,COURT SQ,G,Queens
282,282,G24,21 St,40.744065,-73.949724,21ST STREET-JACKSON AVENUE,G,Queens
283,283,G26,Greenpoint Av,40.731352,-73.954449,GREENPOINT AVE,G,Brooklyn
284,284,G28,Nassau Av,40.724635,-73.951277,NASSAU AVE-MANHATTAN AVE,G,Brooklyn
285,629,G29,Metropolitan Av,40.712792,-73.951418,METROPOLITAN AVENUE,G,Brooklyn
286,286,G30,Broadway,40.706092,-73.950308,BROADWAY - UNION AVENUE,G,Brooklyn
287,287,G31,Flushing Av,40.700377,-73.950234,FLUSHING AVENUE-MARCY AVE,G,Brooklyn
288,288,G32,Myrtle - Willoughby Avs,40.694568,-73.949046,MYRTLE AVENUE-MARCY AVENUE,G,Brooklyn
289,289,G33,Bedford - Nostrand Avs,40.689627,-73.953522,BEDFORD AVENUE-NOSTRAND AVE,G,Brooklyn
290,290,G34,Classon Av,40.688873,-73.96007,CLASSON AVENUE-LAFAYETTE AV,G,Brooklyn
291,291,G35,Clinton - Washington Avs,40.688089,-73.966839,LAFAYETTE AV-WASHINGTON AV,G,Brooklyn
292,292,G36,Fulton St,40.687119,-73.975375,LAFAYETTE AVENUE-FULTON ST,G,Brooklyn
196,196,H01,Aqueduct Racetrack,40.672097,-73.835919,AQUEDUCT RACE TRACK,A,Queens
197,197,H02,Aqueduct - N Conduit Av,40.668234,-73.834058,NORTH CONDUIT AVE-COHANCEY,A,Queens
198,198,H03,Howard Beach - JFK Airport,40.660476,-73.830301,HOWARD BEACH-159TH AVE,A,Queens
199,199,H19,Broad Channel,40.608382,-73.815925,BROAD CHANNEL-NOEL ROAD,A S,Queens
204,204,H06,Beach 67 St,40.590927,-73.796924,GASTON AVENUE-BEACH 67TH ST,A,Queens
205,205,H07,Beach 60 St,40.592374,-73.788522,STRAITON AVE-BEACH 60TH ST,A,Queens
206,206,H08,Beach 44 St,40.592943,-73.776013,FRANK AVENUE-BEACH 44TH ST,A,Queens
207,207,H09,Beach 36 St,40.595398,-73.768175,EDGEMERE-BEACH 36TH STREET,A,Queens
208,208,H10,Beach 25 St,40.600066,-73.761353,BEACH 25TH STREET-WAVECREST,A,Queens
209,209,H11,Far Rockaway - Mott Av,40.603995,-73.755405,MOTT AVENUE-BEACH 22ND ST,A,Queens
200,200,H12,Beach 90 St,40.588034,-73.813641,HOLLAND-BEACH 90TH STREET,A S,Queens
201,201,H13,Beach 98 St,40.585307,-73.820558,PLAYLAND-BEACH 98TH STREET,A S,Queens
202,202,H14,Beach 105 St,40.583209,-73.827559,SEASIDE BEACH-105TH STREET,A S,Queens
203,203,H15,Rockaway Park - Beach 116 St,40.580903,-73.835592,ROCKAWAY PARK-BEACH 116TH,A S,Queens
80,80,J12,121 St,40.700492,-73.828294,121ST STREET,J Z,Queens
81,81,J13,111 St,40.697418,-73.836345,111TH STREET,J,Queens
82,82,J14,104 St,40.695178,-73.84433,104TH STREET,J Z,Queens
83,83,J15,Woodhaven Blvd,40.693879,-73.851576,WOODHAVEN BOULEVARD,J Z,Queens
84,84,J16,85 St - Forest Pkwy,40.692435,-73.86001,85TH STREET & FOREST PKWAY,J,Queens
85,85,J17,75 St,40.691324,-73.867139,75TH STREET & ELDERTS LANE,J Z,Queens
86,86,J19,Cypress Hills,40.689941,-73.87255,CYPRESS HILLS,J,Brooklyn
87,87,J20,Crescent St,40.683194,-73.873785,CRESCENT STREET-FULTON ST,J Z,Brooklyn
88,88,J21,Norwood Av,40.68141,-73.880039,NORWOOD AVENUE-FULTON ST,J Z,Brooklyn
89,89,J22,Cleveland St,40.679947,-73.884639,CLEVELAND STREET-FULTON ST,J,Brooklyn
90,90,J23,Van Siclen Av,40.678024,-73.891688,VAN SICLEN AVENUE-FULTON ST,J Z,Brooklyn
91,91,J24,Alabama Av,40.676992,-73.898654,ALABAMA AVENUE-FULTON ST,J,Brooklyn
92,621,J27,Broadway Jct,40.679498,-73.904512,BROADWAY-EAST NEW YORK,J Z,Brooklyn
93,93,J28,Chauncey St,40.682893,-73.910456,CHAUNCEY STREET-ROCKAWAY AV,J Z,Brooklyn
94,94,J29,Halsey St,40.68637,-73.916559,HALSEY STREET-BROADWAY,J,Brooklyn
95,95,J30,Gates Av,40.68963,-73.92227,GATES AVENUE-BROADWAY,J Z,Brooklyn
96,96,J31,Kosciuszko St,40.693342,-73.928814,KOSCIUSZKO STREET-BROADWAY,J,Brooklyn
115,618,L01,8 Av,40.739777,-74.002578,8TH AVENUE-14TH STREET,L,Manhattan
116,601,L02,6 Av,40.737335,-73.996786,14TH STREET-6TH AVENUE,L,Manhattan
117,602,L03,Union Sq - 14 St,40.734789,-73.99073,14TH STREET-UNION SQUARE,L,Manhattan
118,118,L05,3 Av,40.732849,-73.986122,3RD AVENUE-14TH STREET,L,Manhattan
119,119,L06,1 Av,40.730953,-73.981628,1ST AVENUE-14TH STREET,L,Manhattan
120,120,L08,Bedford Av,40.717304,-73.956872,BEDFORD AVE-NORTH 7TH ST,L,Brooklyn
121,629,L10,Lorimer St,40.714063,-73.950275,METROPOLITAN AVE-LORIMER ST,L,Brooklyn
122,122,L11,Graham Av,40.714565,-73.944053,GRAHAM AVE-METROPOLITAN AVE,L,Brooklyn
123,123,L12,Grand St,40.711926,-73.94067,GRAND ST-BUSHWICK AVE,L,Brooklyn
124,124,L13,Montrose Av,40.707739,-73.93985,MONTROSE AVENUE,L,Brooklyn
125,125,L14,Morgan Av,40.706152,-73.933147,MORGAN AVENUE-HARRISON PL,L,Brooklyn
126,126,L15,Jefferson St,40.706607,-73.922913,JEFFERSON STREET-WYCKOFF AV,L,Brooklyn
127,127,L16,DeKalb Av,40.703811,-73.918425,DEKALB AVE-WYCKOFF AVE,L,Brooklyn
128,630,L17,Myrtle - Wyckoff Avs,40.699814,-73.911586,MYRTLE AVE-GATES AVENUE,L,Brooklyn
129,129,L19,Halsey St,40.695602,-73.904084,HALSEY STREET-WYCKOFF AVE,L,Brooklyn
130,130,L20,Wilson Av,40.688764,-73.904046,WILSON AVENUE-MOFFAT STREET,L,Brooklyn
131,131,L21,Bushwick Av - Aberdeen St,40.682829,-73.905249,BUSHWICK AVENUE-ABERDEEN ST,L,Brooklyn
132,621,L22,Broadway Jct,40.678856,-73.90324,BROADWAY-EAST NEW YORK,L,Brooklyn
133,133,L24,Atlantic Av,40.675345,-73.903097,ATLANTIC AV-VAN SINDEREN AV,L,Brooklyn
134,134,L25,Sutter Av,40.669367,-73.901975,SUTTER AVE-VAN SINDEREN AVE,L,Brooklyn
135,135,L26,Livonia Av,40.664038,-73.900571,LIVONIA AVE-VAN SINDEREN AV,L,Brooklyn
136,136,L27,New Lots Av,40.658733,-73.899232,NEW LOTS AV-VAN SINDEREN AV,L,Brooklyn
137,137,L28,E 105 St,40.650573,-73.899485,EAST 105TH ST-FARRAGUT ROAD,L,Brooklyn
138,138,L29,Canarsie - Rockaway Pkwy,40.646654,-73.90185,ROCKAWAY PKWY-GLENWOOD RD,L,Brooklyn
108,108,M01,Middle Village - Metropolitan Av,40.711396,-73.889601,METROPOLITAN AVENUE,M,Brooklyn
109,109,M04,Fresh Pond Rd,40.706186,-73.895877,FRESH POND ROAD-68TH AVENUE,M,Queens
110,110,M05,Forest Av,40.704423,-73.903077,FOREST AVENUE-PUTNAM AVENUE,M,Queens
111,111,M06,Seneca Av,40.702762,-73.90774,SENECA AVENUE-PALMETTO ST,M,Queens
112,630,M08,Myrtle - Wyckoff Avs,40.69943,-73.912385,MYRTLE AVE-GATES AVENUE,M,Brooklyn
113,113,M09,Knickerbocker Av,40.698664,-73.919711,KNICKERBOCKER AVE-MYRTLE AV,M,Brooklyn
114,114,M10,Central Av,40.697857,-73.927397,CENTRAL AVE-MYRTLE AVE,M,Brooklyn
97,97,M11,Myrtle Av,40.697207,-73.935657,MYRTLE AVENUE-BROADWAY,J M Z,Brooklyn
98,98,M12,Flushing Av,40.70026,-73.941126,FLUSHING AVE-BROADWAY,J M,Brooklyn
99,99,M13,Lorimer St,40.703869,-73.947408,LORIMER STREET-BROADWAY,J M,Brooklyn
100,100,M14,Hewes St,40.70687,-73.953431,HEWES STREET-BROADWAY,J M,Brooklyn
101,101,M16,Marcy Av,40.708359,-73.957757,MARCY AVENUE-BROADWAY,J M Z,Brooklyn
102,625,M18,Essex St,40.718315,-73.987437,ESSEX ST-DELANCEY ST,J M Z,Manhattan
103,103,M19,Bowery,40.72028,-73.993915,BOWERY STREET-DELANCEY ST,J Z,Manhattan
104,623,M20,Canal St,40.718092,-73.999892,CANAL ST-LAFAYETTE ST EAST,J Z,Manhattan
105,622,M21,Chambers St,40.713243,-74.003401,CHAMBERS STREET,J Z,Manhattan
106,628,M22,Fulton St,40.710374,-74.007582,BROADWAY NASSAU STREET,J Z,Manhattan
107,107,M23,Broad St,40.706476,-74.011056,BROAD STREET & WALL STREET,J Z,Manhattan
71,71,N02,8 Av,40.635064,-74.011719,8TH AVENUE-62ND STREET,N,Brooklyn
72,72,N03,Fort Hamilton Pkwy,40.631386,-74.005351,FORT HAMILTON PKWY-45TH ST,N,Brooklyn
73,615,N04,New Utrecht Av,40.624842,-73.996353,NEW UTRECHT AVENUE-62ND ST,N,Brooklyn
74,74,N05,18 Av,40.620671,-73.990414,18TH AVENUE-62ND STREET,N,Brooklyn
75,75,N06,20 Av,40.61741,-73.985026,20TH AVENUE-62ND STREET,N,Brooklyn
76,76,N07,Bay Pkwy,40.611815,-73.981848,BAY PARKWAY-66TH STREET,N,Brooklyn
77,77,N08,Kings Hwy,40.603923,-73.980353,KINGS HIGHWAY-WEST 7TH ST,N,Brooklyn
78,78,N09,Avenue U,40.597473,-73.979137,AVENUE U-WEST 7TH STREET,N,Brooklyn
79,79,N10,86 St,40.592721,-73.97823,86TH STREET-AVENUE V,N,Brooklyn
19,623,Q01,Canal St,40.718383,-74.00046,CANAL STREET,N Q,Manhattan
477,477,Q03,72 St,40.768799,-73.958424,72ND STREET - 2 AVENUE,Q,Manhattan
476,476,Q04,86 St,40.777891,-73.951787,86TH STREET - 2 AVENUE,Q,Manhattan
475,475,Q05,96 St,40.784318,-73.947152,96TH STREET - 2 AVENUE,Q,Manhattan
1,1,R01,Astoria - Ditmars Blvd,40.775036,-73.912034,DITMARS BLVD & 31ST STREET,N W,Queens
2,2,R03,Astoria Blvd,40.770258,-73.917843,ASTORIA BLVD & 31ST STREET,N W,Queens
3,3,R04,30 Av,40.766779,-73.921479,30TH AVENUE & 31ST STREET,N W,Queens
4,4,R05,Broadway,40.76182,-73.925508,BROADWAY & 31ST STREET,N W,Queens
5,5,R06,36 Av,40.756804,-73.929575,36TH AVENUE & 31ST STREET,N W,Queens
6,6,R08,39 Av,40.752882,-73.932755,39TH AVENUE & 31ST STREET,N W,Queens
7,613,R11,Lexington Av/59 St,40.76266,-73.967258,59TH STREET & LEXINGTON AVE,N W R,Manhattan
8,8,R13,5 Av/59 St,40.764811,-73.973347,FIFTH AVENUE & 60TH STREET,N W R,Manhattan
9,9,R14,57 St - 7 Av,40.764664,-73.980658,57TH STREET & 7TH AVENUE,N Q R W,Manhattan
10,10,R15,49 St,40.759901,-73.984139,49TH STREET & 7TH AVENUE,N R W,Manhattan
11,611,R16,Times Sq - 42 St,40.754672,-73.986754,42ND STREET/TIMES SQUARE,N Q R W,Manhattan
12,607,R17,34 St - Herald Sq,40.749567,-73.98795,34TH STREET & 6TH AVENUE,N Q R W,Manhattan
13,13,R18,28 St,40.745494,-73.988691,28TH STREET & BROADWAY,R W,Manhattan
14,14,R19,23 St,40.741303,-73.989344,23RD STREET & 5TH AVENUE,R W,Manhattan
15,602,R20,14 St - Union Sq,40.735736,-73.990568,14TH STREET-UNION SQUARE,N Q R W,Manhattan
16,16,R21,8 St - NYU,40.730328,-73.992629,8TH STREET & BROADWAY,R W,Manhattan
17,17,R22,Prince St,40.724329,-73.997702,PRINCE STREET & BROADWAY,R W,Manhattan
18,623,R23,Canal St,40.719527,-74.001775,CANAL STREET-BROADWAY,R W,Manhattan
20,20,R24,City Hall,40.713282,-74.006978,CITY HALL,R W,Manhattan
21,21,R25,Cortlandt St,40.710668,-74.011029,CORTLANDT STREET,R W,Manhattan
22,22,R26,Rector St,40.70722,-74.013342,RECTOR STREET-CHURCH STREET,R W,Manhattan
23,635,R27,Whitehall St,40.703087,-74.012994,WHITEHALL STREET,R W,Manhattan
24,620,R28,Court St,40.6941,-73.991777,BOROUGH HALL - COURT STREET,R,Brooklyn
25,636,R29,Jay St - MetroTech,40.69218,-73.985942,JAY ST-METROTECH,R,Brooklyn
26,26,R30,DeKalb Av,40.690635,-73.981824,DEKALB AVENUE,B Q R,Brooklyn
27,617,R31,Atlantic Av - Barclays Ctr,40.683666,-73.97881,BARCLAYS CENTER,D N R,Brooklyn
28,28,R32,Union St,40.677316,-73.98311,UNION STREET-4TH AVENUE,R,Brooklyn
29,608,R33,9 St,40.670847,-73.988302,9TH AVENUE-39TH STREET,R,Brooklyn
30,30,R34,Prospect Av,40.665414,-73.992872,PROSPECT AVENUE-4TH AVENUE,R,Brooklyn
31,31,R35,25 St,40.660397,-73.998091,25TH STREET-4TH AVENUE,R,Brooklyn
32,32,R36,36 St,40.655144,-74.003549,36TH STREET-4TH AVENUE,D N R,Brooklyn
33,33,R39,45 St,40.648939,-74.010006,45TH STREET-4TH AVENUE,R,Brooklyn
34,34,R40,53 St,40.645069,-74.014034,53RD STREET-4TH AVENUE,R,Manhattan
35,35,R41,59 St,40.641362,-74.017881,59TH STREET-4TH AVENUE,N R,Brooklyn
36,36,R42,Bay Ridge Av,40.634967,-74.023377,BAY RIDGE AVE-4TH AVENUE,R,Brooklyn
37,37,R43,77 St,40.629742,-74.02551,77TH STREET-4TH AVENUE,R,Brooklyn
38,38,R44,86 St,40.622687,-74.028398,86TH STREET-4TH AVENUE,R,Brooklyn
39,39,R45,Bay Ridge - 95 St,40.616622,-74.030876,BAY RIDGE - 95TH STREET,R,Brooklyn
139,627,S01,Franklin Av,40.680596,-73.955827,FRANKLIN AVENUE-FULTON ST,S,Brooklyn
141,141,S03,Park Pl,40.674772,-73.957624,PARK PLACE-FRANKLIN AVENUE,S,Brooklyn
142,626,S04,Botanic Garden,40.670343,-73.959245,BOTANIC GARDEN-FRANKLIN AVE,S,Brooklyn
